first_name,last_name,country
Taylor,Anderson,USA
Riley,Moore,Australia
Jamie,Davis,Australia
Quinn,Moore,Brazil
Alex,Miller,Brazil
Riley,Taylor,UK
Drew,Miller,Germany
Quinn,Wilson,UK
Alex,Davis,India
Morgan,Taylor,Japan
Alex,Smith,USA
Alex,Thomas,Australia
Casey,Moore,Australia
Avery,Johnson,Australia
Casey,Smith,Brazil
Riley,Taylor,Germany
Alex,Johnson,USA
Jamie,Anderson,Japan
Alex,Taylor,Brazil
Avery,Johnson,UK
Quinn,Smith,Japan
Jordan,Davis,South Korea
Jamie,Wilson,Canada
Drew,Davis,USA
Casey,Wilson,India
Quinn,Taylor,Brazil
Riley,Brown,USA
Jamie,Taylor,France
Quinn,Wilson,Australia
Morgan,Davis,Japan
Morgan,Miller,USA
Taylor,Anderson,Canada
Alex,Brown,Germany
Quinn,Johnson,South Korea
Alex,Anderson,Germany
Drew,Brown,South Korea
Jordan,Anderson,Australia
Jordan,Smith,Australia
Drew,Smith,Brazil
Alex,Miller,South Korea
Morgan,Johnson,France
Morgan,Wilson,Japan
Casey,Anderson,Australia
Quinn,Wilson,Canada
Avery,Taylor,Germany
Drew,Davis,USA
Morgan,Smith,Canada
Avery,Wilson,UK
Jamie,Davis,India
Taylor,Wilson,Japan
